userId,precision,recall,ndcg,hit_rate,mrr
29874,0.0,0.0,0.0,0.0,0.041666666666666664
6718,0.0,0.0,0.0,0.0,0.0
73786,0.0,0.0,0.0,0.0,0.0
65700,0.1,0.1111111111111111,0.07834851647149511,1.0,0.14285714285714285
59893,0.0,0.0,0.0,0.0,0.0
37433,0.1,0.16666666666666666,0.30260241349881345,1.0,1.0
27517,0.0,0.0,0.0,0.0,0.029411764705882353
146304,0.0,0.0,0.0,0.0,0.0
23357,0.0,0.0,0.0,0.0,0.02857142857142857
158398,0.0,0.0,0.0,0.0,0.0
113160,0.0,0.0,0.0,0.0,0.0
8543,0.2,0.025,0.17947710508581735,1.0,0.3333333333333333
8006,0.0,0.0,0.0,0.0,0.0
25158,0.1,0.1,0.06625422345438903,1.0,0.1111111111111111
58666,0.0,0.0,0.0,0.0,0.045454545454545456
62430,0.0,0.0,0.0,0.0,0.0
135545,0.0,0.0,0.0,0.0,0.0
161477,0.1,0.1111111111111111,0.23504554941448536,1.0,1.0
7127,0.1,0.25,0.123151194370365,1.0,0.125
150554,0.1,0.3333333333333333,0.15642624200758548,1.0,0.14285714285714285
53347,0.1,0.3333333333333333,0.14126697285982898,1.0,0.1111111111111111
146189,0.0,0.0,0.0,0.0,0.0
112517,0.0,0.0,0.0,0.0,0.03333333333333333
59146,0.0,0.0,0.0,0.0,0.0
120469,0.0,0.0,0.0,0.0,0.045454545454545456
158071,0.0,0.0,0.0,0.0,0.0
74636,0.0,0.0,0.0,0.0,0.045454545454545456
1739,0.1,0.3333333333333333,0.1480409554829326,1.0,0.125
42824,0.1,0.06666666666666667,0.06943122193677727,1.0,0.125
113345,0.0,0.0,0.0,0.0,0.0
91261,0.0,0.0,0.0,0.0,0.0
74551,0.0,0.0,0.0,0.0,0.02857142857142857
41703,0.1,0.05,0.07336392209936005,1.0,0.14285714285714285
57779,0.2,0.06666666666666667,0.28371255449703187,1.0,1.0
90279,0.0,0.0,0.0,0.0,0.0
27437,0.1,0.04,0.09478836436955078,1.0,0.25
24906,0.1,0.015625,0.07336392209936005,1.0,0.14285714285714285
101884,0.0,0.0,0.0,0.0,0.0
25968,0.0,0.0,0.0,0.0,0.0
96267,0.0,0.0,0.0,0.0,0.025
92249,0.0,0.0,0.0,0.0,0.02857142857142857
161934,0.2,0.0625,0.1635413866202963,1.0,0.2
70961,0.0,0.0,0.0,0.0,0.0
11663,0.0,0.0,0.0,0.0,0.08333333333333333
123218,0.1,0.25,0.3903800499921017,1.0,1.0
143843,0.2,0.15384615384615385,0.13305201013572898,1.0,0.125
33486,0.0,0.0,0.0,0.0,0.0
101512,0.4,0.4444444444444444,0.5629199046684298,1.0,1.0
21167,0.0,0.0,0.0,0.0,0.0
148091,0.2,0.018691588785046728,0.1681522864689108,1.0,0.25
78660,0.0,0.0,0.0,0.0,0.045454545454545456
96985,0.0,0.0,0.0,0.0,0.041666666666666664
154883,0.1,0.2,0.14606834984270645,1.0,0.25
51601,0.0,0.0,0.0,0.0,0.0
18680,0.0,0.0,0.0,0.0,0.0
12296,0.0,0.0,0.0,0.0,0.0
61152,0.0,0.0,0.0,0.0,0.0
77646,0.0,0.0,0.0,0.0,0.05555555555555555
21431,0.0,0.0,0.0,0.0,0.027777777777777776
62466,0.2,0.18181818181818182,0.2489083270225946,1.0,0.5
27116,0.0,0.0,0.0,0.0,0.06666666666666667
101937,0.1,0.1111111111111111,0.23504554941448536,1.0,1.0
74579,0.0,0.0,0.0,0.0,0.0
121602,0.0,0.0,0.0,0.0,0.022727272727272728
97847,0.1,0.09090909090909091,0.07839826897867533,1.0,0.16666666666666666
43631,0.0,0.0,0.0,0.0,0.0
99280,0.0,0.0,0.0,0.0,0.02631578947368421
95274,0.0,0.0,0.0,0.0,0.0
56213,0.0,0.0,0.0,0.0,0.0
71617,0.1,0.14285714285714285,0.17342765698823945,1.0,0.5
19176,0.0,0.0,0.0,0.0,0.0
45922,0.2,0.08695652173913043,0.15139734109601002,1.0,0.2
143282,0.0,0.0,0.0,0.0,0.0
65678,0.0,0.0,0.0,0.0,0.0
43837,0.0,0.0,0.0,0.0,0.0
123983,0.1,0.3333333333333333,0.2960819109658652,1.0,0.5
101757,0.1,0.5,0.23719771276929622,1.0,0.2
72413,0.0,0.0,0.0,0.0,0.0
149400,0.0,0.0,0.0,0.0,0.0
58926,0.0,0.0,0.0,0.0,0.06666666666666667
86983,0.3,0.13636363636363635,0.40853591842579556,1.0,1.0
15020,0.1,0.14285714285714285,0.17342765698823945,1.0,0.5
61464,0.0,0.0,0.0,0.0,0.09090909090909091
8628,0.0,0.0,0.0,0.0,0.0
84615,0.0,0.0,0.0,0.0,0.0
107590,0.3,0.17647058823529413,0.24618570546556082,1.0,0.25
71821,0.1,0.08333333333333333,0.07839826897867533,1.0,0.16666666666666666
17775,0.0,0.0,0.0,0.0,0.0
56611,0.0,0.0,0.0,0.0,0.02
152158,0.0,0.0,0.0,0.0,0.0
84407,0.0,0.0,0.0,0.0,0.045454545454545456
57054,0.0,0.0,0.0,0.0,0.038461538461538464
133896,0.1,0.1111111111111111,0.07075576072108061,1.0,0.1111111111111111
106111,0.0,0.0,0.0,0.0,0.0
123067,0.0,0.0,0.0,0.0,0.025
38327,0.0,0.0,0.0,0.0,0.0
71056,0.0,0.0,0.0,0.0,0.07692307692307693
37457,0.0,0.0,0.0,0.0,0.09090909090909091
66165,0.0,0.0,0.0,0.0,0.0
150587,0.1,0.125,0.07979453856244817,1.0,0.125
144590,0.0,0.0,0.0,0.0,0.08333333333333333
70483,0.0,0.0,0.0,0.0,0.045454545454545456
156824,0.0,0.0,0.0,0.0,0.034482758620689655
114906,0.1,0.045454545454545456,0.06362078819895171,1.0,0.1
156541,0.0,0.0,0.0,0.0,0.0
107123,0.0,0.0,0.0,0.0,0.05263157894736842
97082,0.0,0.0,0.0,0.0,0.07142857142857142
58847,0.1,0.023809523809523808,0.06943122193677727,1.0,0.125
37106,0.0,0.0,0.0,0.0,0.0
136654,0.0,0.0,0.0,0.0,0.024390243902439025
132360,0.0,0.0,0.0,0.0,0.02040816326530612
24419,0.0,0.0,0.0,0.0,0.09090909090909091
12643,0.0,0.0,0.0,0.0,0.0
29426,0.3,0.6,0.562068903096022,1.0,1.0
40996,0.0,0.0,0.0,0.0,0.0
42912,0.0,0.0,0.0,0.0,0.05555555555555555
113223,0.3,0.075,0.24618570546556082,1.0,0.25
159977,0.1,0.2,0.21398626473452756,1.0,0.5
17064,0.0,0.0,0.0,0.0,0.05555555555555555
103187,0.1,0.2,0.3391602052736161,1.0,1.0
102337,0.0,0.0,0.0,0.0,0.04
159836,0.1,0.125,0.09785159463516042,1.0,0.2
125535,0.1,0.2,0.3391602052736161,1.0,1.0
141916,0.0,0.0,0.0,0.0,0.05263157894736842
67448,0.1,0.14285714285714285,0.11838279295536291,1.0,0.25
148409,0.0,0.0,0.0,0.0,0.02857142857142857
3084,0.0,0.0,0.0,0.0,0.0
30735,0.0,0.0,0.0,0.0,0.0
144046,0.0,0.0,0.0,0.0,0.0
71573,0.0,0.0,0.0,0.0,0.0625
91241,0.0,0.0,0.0,0.0,0.0
29932,0.0,0.0,0.0,0.0,0.03125
78746,0.0,0.0,0.0,0.0,0.0
116599,0.1,0.08333333333333333,0.08514311764162098,1.0,0.2
42419,0.0,0.0,0.0,0.0,0.0
121685,0.1,0.09090909090909091,0.09478836436955078,1.0,0.25
868,0.1,0.25,0.24630238874073,1.0,0.5
70655,0.0,0.0,0.0,0.0,0.03571428571428571
134266,0.0,0.0,0.0,0.0,0.041666666666666664
47950,0.0,0.0,0.0,0.0,0.03125
136163,0.0,0.0,0.0,0.0,0.03125
28561,0.3,0.03333333333333333,0.23297260855707355,1.0,0.2
80065,0.0,0.0,0.0,0.0,0.058823529411764705
136158,0.1,0.04,0.13886244387355454,1.0,0.5
53367,0.0,0.0,0.0,0.0,0.0
40995,0.0,0.0,0.0,0.0,0.02857142857142857
100274,0.0,0.0,0.0,0.0,0.08333333333333333
43338,0.1,0.2,0.09803928583135704,1.0,0.1
144697,0.1,0.06666666666666667,0.08514311764162098,1.0,0.2
142256,0.0,0.0,0.0,0.0,0.03125
156,0.1,0.1,0.08514311764162098,1.0,0.2
160652,0.1,0.25,0.3903800499921017,1.0,1.0
86950,0.0,0.0,0.0,0.0,0.02127659574468085
131042,0.0,0.0,0.0,0.0,0.0
5228,0.0,0.0,0.0,0.0,0.023255813953488372
30018,0.0,0.0,0.0,0.0,0.0
97350,0.0,0.0,0.0,0.0,0.0
82478,0.1,0.14285714285714285,0.17342765698823945,1.0,0.5
64246,0.2,0.1111111111111111,0.22400556151517553,1.0,0.5
15555,0.0,0.0,0.0,0.0,0.0
64627,0.0,0.0,0.0,0.0,0.06666666666666667
152206,0.0,0.0,0.0,0.0,0.0
21156,0.1,0.02857142857142857,0.06625422345438903,1.0,0.1111111111111111
23010,0.0,0.0,0.0,0.0,0.0
130342,0.0,0.0,0.0,0.0,0.0
18589,0.0,0.0,0.0,0.0,0.0
142892,0.0,0.0,0.0,0.0,0.045454545454545456
33735,0.1,0.1111111111111111,0.10122860821230018,1.0,0.25
34442,0.0,0.0,0.0,0.0,0.05263157894736842
127472,0.0,0.0,0.0,0.0,0.0
147496,0.0,0.0,0.0,0.0,0.0
44301,0.0,0.0,0.0,0.0,0.0
71104,0.0,0.0,0.0,0.0,0.0
141528,0.0,0.0,0.0,0.0,0.0
113484,0.0,0.0,0.0,0.0,0.02857142857142857
56832,0.0,0.0,0.0,0.0,0.06666666666666667
144676,0.2,0.3333333333333333,0.2423936099728648,1.0,0.3333333333333333
53964,0.0,0.0,0.0,0.0,0.0
83607,0.0,0.0,0.0,0.0,0.0
107013,0.0,0.0,0.0,0.0,0.0625
100141,0.1,0.005714285714285714,0.07336392209936005,1.0,0.14285714285714285
117489,0.0,0.0,0.0,0.0,0.037037037037037035
138819,0.0,0.0,0.0,0.0,0.0
121079,0.0,0.0,0.0,0.0,0.0
32469,0.5,0.20833333333333334,0.5135081645717171,1.0,1.0
66505,0.0,0.0,0.0,0.0,0.0
60296,0.0,0.0,0.0,0.0,0.022222222222222223
17197,0.4,0.14285714285714285,0.5199967979955745,1.0,1.0
90680,0.0,0.0,0.0,0.0,0.034482758620689655
5647,0.0,0.0,0.0,0.0,0.043478260869565216
157814,0.0,0.0,0.0,0.0,0.0
148599,0.0,0.0,0.0,0.0,0.0
61753,0.0,0.0,0.0,0.0,0.0
157849,0.1,0.3333333333333333,0.16716045496620227,1.0,0.16666666666666666
59087,0.0,0.0,0.0,0.0,0.05555555555555555
1930,0.2,0.6666666666666666,0.7039180890341347,1.0,1.0
19065,0.0,0.0,0.0,0.0,0.043478260869565216
15811,0.0,0.0,0.0,0.0,0.0
61436,0.1,0.03333333333333333,0.08514311764162098,1.0,0.2
18102,0.0,0.0,0.0,0.0,0.0
8444,0.1,1.0,0.31546487678572877,1.0,0.125
88628,0.0,0.0,0.0,0.0,0.043478260869565216
19029,0.1,0.25,0.24630238874073,1.0,0.5
137900,0.0,0.0,0.0,0.0,0.027777777777777776
63861,0.0,0.0,0.0,0.0,0.0
74712,0.0,0.0,0.0,0.0,0.0
130186,0.0,0.0,0.0,0.0,0.0
57488,0.0,0.0,0.0,0.0,0.05555555555555555
144658,0.2,0.13333333333333333,0.21726071285222986,1.0,0.5
35487,0.0,0.0,0.0,0.0,0.0
153193,0.3,0.07142857142857142,0.424926013816671,1.0,1.0
154578,0.1,0.08333333333333333,0.07839826897867533,1.0,0.16666666666666666
126775,0.1,0.1,0.13886244387355454,1.0,0.5
65196,0.0,0.0,0.0,0.0,0.0
126857,0.0,0.0,0.0,0.0,0.0
109174,0.0,0.0,0.0,0.0,0.0
51103,0.0,0.0,0.0,0.0,0.0
25327,0.0,0.0,0.0,0.0,0.02857142857142857
26024,0.0,0.0,0.0,0.0,0.041666666666666664
115606,0.0,0.0,0.0,0.0,0.07692307692307693
95014,0.0,0.0,0.0,0.0,0.0
113601,0.0,0.0,0.0,0.0,0.041666666666666664
110252,0.0,0.0,0.0,0.0,0.03225806451612903
125259,0.0,0.0,0.0,0.0,0.0
14545,0.0,0.0,0.0,0.0,0.0
26420,0.0,0.0,0.0,0.0,0.0625
16278,0.3,0.5,0.35995783244018875,1.0,0.3333333333333333
107978,0.0,0.0,0.0,0.0,0.041666666666666664
91006,0.0,0.0,0.0,0.0,0.037037037037037035
29327,0.0,0.0,0.0,0.0,0.0
66706,0.1,0.047619047619047616,0.13886244387355454,1.0,0.5
51418,0.0,0.0,0.0,0.0,0.0
51050,0.0,0.0,0.0,0.0,0.0
143859,0.1,0.06666666666666667,0.06625422345438903,1.0,0.1111111111111111
120304,0.1,0.125,0.12647135138382856,1.0,0.3333333333333333
37601,0.0,0.0,0.0,0.0,0.0
113149,0.1,0.09090909090909091,0.22009176629808017,1.0,1.0
49244,0.0,0.0,0.0,0.0,0.0
74729,0.0,0.0,0.0,0.0,0.0
124081,0.0,0.0,0.0,0.0,0.0
67020,0.1,0.010309278350515464,0.07839826897867533,1.0,0.16666666666666666
20250,0.0,0.0,0.0,0.0,0.022222222222222223
118838,0.0,0.0,0.0,0.0,0.029411764705882353
147635,0.0,0.0,0.0,0.0,0.04
26286,0.0,0.0,0.0,0.0,0.07142857142857142
13579,0.1,0.125,0.09010000865236768,1.0,0.16666666666666666
145019,0.0,0.0,0.0,0.0,0.0
3963,0.0,0.0,0.0,0.0,0.0
25043,0.0,0.0,0.0,0.0,0.02
63427,0.0,0.0,0.0,0.0,0.07692307692307693
44619,0.0,0.0,0.0,0.0,0.0
109002,0.2,0.014705882352941176,0.1635413866202963,1.0,0.2
130248,0.0,0.0,0.0,0.0,0.034482758620689655
129098,0.0,0.0,0.0,0.0,0.07692307692307693
57356,0.0,0.0,0.0,0.0,0.0
107558,0.1,0.07142857142857142,0.06625422345438903,1.0,0.1111111111111111
15747,0.0,0.0,0.0,0.0,0.0
44171,0.0,0.0,0.0,0.0,0.0
101629,0.0,0.0,0.0,0.0,0.0
576,0.0,0.0,0.0,0.0,0.0
104699,0.0,0.0,0.0,0.0,0.0
71142,0.0,0.0,0.0,0.0,0.05263157894736842
122033,0.3,0.14285714285714285,0.28165758790969186,1.0,0.5
76530,0.0,0.0,0.0,0.0,0.0
113449,0.0,0.0,0.0,0.0,0.03571428571428571
149084,0.0,0.0,0.0,0.0,0.0
130525,0.0,0.0,0.0,0.0,0.03571428571428571
41524,0.0,0.0,0.0,0.0,0.029411764705882353
50967,0.0,0.0,0.0,0.0,0.0
79598,0.0,0.0,0.0,0.0,0.021739130434782608
58417,0.0,0.0,0.0,0.0,0.045454545454545456
15705,0.0,0.0,0.0,0.0,0.0
155368,0.0,0.0,0.0,0.0,0.0
145450,0.0,0.0,0.0,0.0,0.0
16371,0.3,0.09375,0.2614432242450501,1.0,0.3333333333333333
84117,0.0,0.0,0.0,0.0,0.0
15347,0.2,0.07692307692307693,0.17993148201117176,1.0,0.25
13456,0.0,0.0,0.0,0.0,0.0
156716,0.0,0.0,0.0,0.0,0.034482758620689655
127873,0.3,0.09375,0.29727159644205703,1.0,0.5
134874,0.0,0.0,0.0,0.0,0.0
142464,0.0,0.0,0.0,0.0,0.0
42227,0.0,0.0,0.0,0.0,0.05555555555555555
15271,0.0,0.0,0.0,0.0,0.0
136202,0.0,0.0,0.0,0.0,0.08333333333333333
21515,0.0,0.0,0.0,0.0,0.0
49870,0.0,0.0,0.0,0.0,0.0
18404,0.2,0.03571428571428571,0.18340980524840012,1.0,0.3333333333333333
159608,0.1,0.2,0.21398626473452756,1.0,0.5
18252,0.0,0.0,0.0,0.0,0.0625
63113,0.0,0.0,0.0,0.0,0.020833333333333332
108287,0.0,0.0,0.0,0.0,0.0
32168,0.0,0.0,0.0,0.0,0.0
152827,0.1,1.0,0.3010299956639812,1.0,0.1111111111111111
66052,0.1,0.030303030303030304,0.11004588314904008,1.0,0.3333333333333333
155300,0.0,0.0,0.0,0.0,0.07692307692307693
159473,0.0,0.0,0.0,0.0,0.0
10673,0.1,0.05,0.06943122193677727,1.0,0.125
22022,0.0,0.0,0.0,0.0,0.043478260869565216
112435,0.0,0.0,0.0,0.0,0.047619047619047616
156581,0.0,0.0,0.0,0.0,0.0
151634,0.0,0.0,0.0,0.0,0.027777777777777776
140209,0.0,0.0,0.0,0.0,0.0
84859,0.0,0.0,0.0,0.0,0.0
69955,0.1,0.125,0.07311683844390994,1.0,0.1
54796,0.0,0.0,0.0,0.0,0.0
84276,0.0,0.0,0.0,0.0,0.022222222222222223
64045,0.0,0.0,0.0,0.0,0.0625
71250,0.2,0.125,0.2082936658103318,1.0,0.5
106151,0.0,0.0,0.0,0.0,0.0
35106,0.1,0.14285714285714285,0.27487633291429087,1.0,1.0
80479,0.1,0.07142857142857142,0.06625422345438903,1.0,0.1111111111111111
122624,0.0,0.0,0.0,0.0,0.0
84807,0.0,0.0,0.0,0.0,0.04
19484,0.0,0.0,0.0,0.0,0.0
2498,0.0,0.0,0.0,0.0,0.04
122916,0.1,0.05,0.13886244387355454,1.0,0.5
151026,0.0,0.0,0.0,0.0,0.0
26843,0.0,0.0,0.0,0.0,0.0
19676,0.0,0.0,0.0,0.0,0.0
144227,0.1,0.5,0.3065735963827292,1.0,0.3333333333333333
57195,0.0,0.0,0.0,0.0,0.09090909090909091
135688,0.0,0.0,0.0,0.0,0.07692307692307693
71141,0.0,0.0,0.0,0.0,0.08333333333333333
35526,0.0,0.0,0.0,0.0,0.0
93607,0.0,0.0,0.0,0.0,0.029411764705882353
18477,0.0,0.0,0.0,0.0,0.058823529411764705
65539,0.0,0.0,0.0,0.0,0.04
99102,0.0,0.0,0.0,0.0,0.023255813953488372
76458,0.0,0.0,0.0,0.0,0.0
42309,0.0,0.0,0.0,0.0,0.0
117513,0.0,0.0,0.0,0.0,0.0
145726,0.0,0.0,0.0,0.0,0.0
81150,0.0,0.0,0.0,0.0,0.02040816326530612
141869,0.1,0.1111111111111111,0.09092803061897883,1.0,0.2
2097,0.0,0.0,0.0,0.0,0.0
148778,0.2,0.07142857142857142,0.2863459897524692,1.0,1.0
80315,0.0,0.0,0.0,0.0,0.0
27810,0.1,0.14285714285714285,0.08274602130532002,1.0,0.1111111111111111
36020,0.3,0.1875,0.31833954895937183,1.0,0.5
70946,0.0,0.0,0.0,0.0,0.0
30975,0.0,0.0,0.0,0.0,0.0
28730,0.2,0.25,0.2860604285087249,1.0,0.5
41694,0.0,0.0,0.0,0.0,0.0
73059,0.0,0.0,0.0,0.0,0.06666666666666667
75591,0.5,0.18518518518518517,0.530263109944618,1.0,1.0
162229,0.0,0.0,0.0,0.0,0.0
56513,0.0,0.0,0.0,0.0,0.0
91963,0.0,0.0,0.0,0.0,0.0
54619,0.1,0.14285714285714285,0.0979129253499678,1.0,0.16666666666666666
70817,0.2,0.03571428571428571,0.2984900352767555,1.0,1.0
135559,0.2,0.1111111111111111,0.2984900352767555,1.0,1.0
131022,0.0,0.0,0.0,0.0,0.021739130434782608
67370,0.0,0.0,0.0,0.0,0.0
13635,0.3,0.06521739130434782,0.42257499837058643,1.0,1.0
24787,0.1,0.2,0.1208113026994942,1.0,0.16666666666666666
113600,0.0,0.0,0.0,0.0,0.030303030303030304
74234,0.1,0.018867924528301886,0.07336392209936005,1.0,0.14285714285714285
11833,0.0,0.0,0.0,0.0,0.043478260869565216
947,0.3,0.05084745762711865,0.2758471541718663,1.0,0.5
89471,0.0,0.0,0.0,0.0,0.0
35091,0.1,0.3333333333333333,0.23463936301137822,1.0,0.3333333333333333
70275,0.0,0.0,0.0,0.0,0.023809523809523808
43346,0.0,0.0,0.0,0.0,0.0
118488,0.0,0.0,0.0,0.0,0.045454545454545456
147995,0.1,0.1,0.11004588314904008,1.0,0.3333333333333333
114708,0.0,0.0,0.0,0.0,0.0
150464,0.0,0.0,0.0,0.0,0.05
2592,0.0,0.0,0.0,0.0,0.06666666666666667
30020,0.1,0.16666666666666666,0.11706259313796354,1.0,0.2
20210,0.0,0.0,0.0,0.0,0.0
39980,0.0,0.0,0.0,0.0,0.0
146366,0.0,0.0,0.0,0.0,0.05555555555555555
9680,0.1,0.2,0.21398626473452756,1.0,0.5
99018,0.0,0.0,0.0,0.0,0.09090909090909091
156267,0.0,0.0,0.0,0.0,0.0
148222,0.0,0.0,0.0,0.0,0.0
39723,0.0,0.0,0.0,0.0,0.043478260869565216
115267,0.0,0.0,0.0,0.0,0.0
34188,0.0,0.0,0.0,0.0,0.045454545454545456
11228,0.1,0.025,0.06943122193677727,1.0,0.125
82684,0.2,0.05,0.13568544539116628,1.0,0.125
97799,0.0,0.0,0.0,0.0,0.0
10716,0.1,0.08333333333333333,0.08514311764162098,1.0,0.2
95954,0.1,0.16666666666666666,0.19092086617893467,1.0,0.5
56367,0.0,0.0,0.0,0.0,0.0
66947,0.0,0.0,0.0,0.0,0.07692307692307693
27596,0.0,0.0,0.0,0.0,0.0
94852,0.0,0.0,0.0,0.0,0.0
150192,0.0,0.0,0.0,0.0,0.0625
108992,0.0,0.0,0.0,0.0,0.058823529411764705
41456,0.0,0.0,0.0,0.0,0.0
63524,0.0,0.0,0.0,0.0,0.0
43589,0.1,0.125,0.09010000865236768,1.0,0.16666666666666666
47523,0.0,0.0,0.0,0.0,0.029411764705882353
110571,0.0,0.0,0.0,0.0,0.0
6658,0.0,0.0,0.0,0.0,0.03333333333333333
48143,0.0,0.0,0.0,0.0,0.0
89100,0.0,0.0,0.0,0.0,0.0
110416,0.1,0.03225806451612903,0.07336392209936005,1.0,0.14285714285714285
66575,0.0,0.0,0.0,0.0,0.038461538461538464
71567,0.0,0.0,0.0,0.0,0.0
42700,0.0,0.0,0.0,0.0,0.0
29012,0.0,0.0,0.0,0.0,0.047619047619047616
102587,0.0,0.0,0.0,0.0,0.0
10404,0.1,0.16666666666666666,0.0874717141014082,1.0,0.1
126239,0.0,0.0,0.0,0.0,0.047619047619047616
59682,0.0,0.0,0.0,0.0,0.05263157894736842
53544,0.0,0.0,0.0,0.0,0.041666666666666664
123456,0.0,0.0,0.0,0.0,0.045454545454545456
93781,0.0,0.0,0.0,0.0,0.02857142857142857
81861,0.0,0.0,0.0,0.0,0.0
61068,0.1,0.02702702702702703,0.06362078819895171,1.0,0.1
59816,0.3,0.04838709677419355,0.23758350840568812,1.0,0.25
6357,0.0,0.0,0.0,0.0,0.06666666666666667
51823,0.0,0.0,0.0,0.0,0.0
106872,0.1,0.027777777777777776,0.09478836436955078,1.0,0.25
88049,0.2,0.058823529411764705,0.15139734109601002,1.0,0.2
74747,0.1,0.06666666666666667,0.06943122193677727,1.0,0.125
18644,0.1,0.3333333333333333,0.13565197343244778,1.0,0.1
74886,0.0,0.0,0.0,0.0,0.0
94173,0.2,0.02666666666666667,0.21222636597291458,1.0,0.5
136622,0.0,0.0,0.0,0.0,0.02702702702702703
107197,0.0,0.0,0.0,0.0,0.0
143840,0.0,0.0,0.0,0.0,0.020833333333333332
88821,0.0,0.0,0.0,0.0,0.0
7414,0.0,0.0,0.0,0.0,0.0
30953,0.0,0.0,0.0,0.0,0.08333333333333333
70074,0.1,0.14285714285714285,0.17342765698823945,1.0,0.5
47926,0.0,0.0,0.0,0.0,0.05263157894736842
155745,0.1,0.25,0.13905617951077562,1.0,0.16666666666666666
71211,0.4,0.26666666666666666,0.36670281837883434,1.0,0.5
10277,0.0,0.0,0.0,0.0,0.07142857142857142
29096,0.0,0.0,0.0,0.0,0.0
160019,0.0,0.0,0.0,0.0,0.03225806451612903
116545,0.0,0.0,0.0,0.0,0.0
92714,0.0,0.0,0.0,0.0,0.0
84138,0.1,0.16666666666666666,0.19092086617893467,1.0,0.5
117034,0.0,0.0,0.0,0.0,0.0
137158,0.1,0.037037037037037035,0.13886244387355454,1.0,0.5
31033,0.0,0.0,0.0,0.0,0.0
103303,0.0,0.0,0.0,0.0,0.08333333333333333
154679,0.0,0.0,0.0,0.0,0.0
51016,0.1,0.018867924528301886,0.06625422345438903,1.0,0.1111111111111111
68330,0.0,0.0,0.0,0.0,0.034482758620689655
11912,0.0,0.0,0.0,0.0,0.03571428571428571
116943,0.1,0.038461538461538464,0.07336392209936005,1.0,0.14285714285714285
452,0.0,0.0,0.0,0.0,0.0
139445,0.0,0.0,0.0,0.0,0.022222222222222223
144446,0.1,0.05263157894736842,0.07336392209936005,1.0,0.14285714285714285
52866,0.0,0.0,0.0,0.0,0.0
97682,0.0,0.0,0.0,0.0,0.0
115675,0.1,0.1111111111111111,0.11752277470724268,1.0,0.3333333333333333
18791,0.0,0.0,0.0,0.0,0.024390243902439025
88568,0.0,0.0,0.0,0.0,0.0
84204,0.0,0.0,0.0,0.0,0.034482758620689655
33433,0.0,0.0,0.0,0.0,0.02564102564102564
80565,0.0,0.0,0.0,0.0,0.02564102564102564
136016,0.0,0.0,0.0,0.0,0.07142857142857142
82956,0.0,0.0,0.0,0.0,0.027777777777777776
109533,0.0,0.0,0.0,0.0,0.023255813953488372
87492,0.1,0.2,0.09803928583135704,1.0,0.1
107919,0.0,0.0,0.0,0.0,0.0
79318,0.0,0.0,0.0,0.0,0.0
148728,0.1,0.029411764705882353,0.08514311764162098,1.0,0.2
34144,0.1,0.1,0.11004588314904008,1.0,0.3333333333333333
51483,0.0,0.0,0.0,0.0,0.0
112766,0.0,0.0,0.0,0.0,0.038461538461538464
101674,0.1,0.16666666666666666,0.09109240322345806,1.0,0.1111111111111111
46700,0.0,0.0,0.0,0.0,0.0
152675,0.0,0.0,0.0,0.0,0.023809523809523808
80732,0.2,0.2,0.14465249243306436,1.0,0.16666666666666666
108913,0.0,0.0,0.0,0.0,0.045454545454545456
146992,0.1,0.02564102564102564,0.07839826897867533,1.0,0.16666666666666666
111,0.0,0.0,0.0,0.0,0.043478260869565216
81509,0.2,0.02531645569620253,0.14279514403613733,1.0,0.14285714285714285
76979,0.1,0.015384615384615385,0.09478836436955078,1.0,0.25
56395,0.1,0.02564102564102564,0.09478836436955078,1.0,0.25
115293,0.0,0.0,0.0,0.0,0.0
155584,0.1,0.023809523809523808,0.11004588314904008,1.0,0.3333333333333333
86437,0.0,0.0,0.0,0.0,0.0
124713,0.0,0.0,0.0,0.0,0.0
118475,0.0,0.0,0.0,0.0,0.0
118574,0.0,0.0,0.0,0.0,0.04
57344,0.0,0.0,0.0,0.0,0.07692307692307693
137093,0.0,0.0,0.0,0.0,0.0
126912,0.0,0.0,0.0,0.0,0.09090909090909091
45529,0.0,0.0,0.0,0.0,0.0
22781,0.0,0.0,0.0,0.0,0.05263157894736842
76136,0.0,0.0,0.0,0.0,0.0
138246,0.0,0.0,0.0,0.0,0.0
89905,0.0,0.0,0.0,0.0,0.0
25075,0.0,0.0,0.0,0.0,0.038461538461538464
63021,0.0,0.0,0.0,0.0,0.04
83260,0.1,0.07142857142857142,0.06625422345438903,1.0,0.1111111111111111
60279,0.1,0.3333333333333333,0.46927872602275644,1.0,1.0
53426,0.0,0.0,0.0,0.0,0.0
39525,0.1,0.07692307692307693,0.06625422345438903,1.0,0.1111111111111111
6558,0.0,0.0,0.0,0.0,0.0
12402,0.0,0.0,0.0,0.0,0.022727272727272728
65687,0.0,0.0,0.0,0.0,0.022727272727272728
127434,0.0,0.0,0.0,0.0,0.09090909090909091
19561,0.3,0.375,0.29271470075357975,1.0,0.3333333333333333
122140,0.1,0.1111111111111111,0.23504554941448536,1.0,1.0
111152,0.1,0.14285714285714285,0.08671382849411972,1.0,0.125
154432,0.1,0.0625,0.07336392209936005,1.0,0.14285714285714285
52170,0.0,0.0,0.0,0.0,0.0
102968,0.0,0.0,0.0,0.0,0.03225806451612903
132595,0.0,0.0,0.0,0.0,0.05555555555555555
107190,0.0,0.0,0.0,0.0,0.08333333333333333
65461,0.1,0.1111111111111111,0.1482972305701491,1.0,0.5
39582,0.0,0.0,0.0,0.0,0.05
1481,0.0,0.0,0.0,0.0,0.07142857142857142
28611,0.2,0.13333333333333333,0.28371255449703187,1.0,1.0
114026,0.1,0.045454545454545456,0.11004588314904008,1.0,0.3333333333333333
58721,0.0,0.0,0.0,0.0,0.023809523809523808
47206,0.0,0.0,0.0,0.0,0.037037037037037035
138922,0.0,0.0,0.0,0.0,0.06666666666666667
124597,0.7,0.3181818181818182,0.7967610662472993,1.0,1.0
13477,0.0,0.0,0.0,0.0,0.0
149524,0.0,0.0,0.0,0.0,0.0
66856,0.0,0.0,0.0,0.0,0.045454545454545456
32564,0.0,0.0,0.0,0.0,0.030303030303030304
122420,0.0,0.0,0.0,0.0,0.0
35763,0.0,0.0,0.0,0.0,0.07692307692307693
124622,0.0,0.0,0.0,0.0,0.07692307692307693
142466,0.0,0.0,0.0,0.0,0.0
149929,0.0,0.0,0.0,0.0,0.07692307692307693
159718,0.0,0.0,0.0,0.0,0.029411764705882353
85108,0.0,0.0,0.0,0.0,0.0
118685,0.1,0.16666666666666666,0.09109240322345806,1.0,0.1111111111111111
135390,0.0,0.0,0.0,0.0,0.0
114456,0.0,0.0,0.0,0.0,0.025
146975,0.3,0.05172413793103448,0.4537425745411855,1.0,1.0
119580,0.0,0.0,0.0,0.0,0.05555555555555555
42690,0.0,0.0,0.0,0.0,0.02631578947368421
127310,0.0,0.0,0.0,0.0,0.0
120700,0.0,0.0,0.0,0.0,0.07142857142857142
69531,0.0,0.0,0.0,0.0,0.0
66328,0.2,0.012578616352201259,0.15176219107803537,1.0,0.16666666666666666
74402,0.0,0.0,0.0,0.0,0.02564102564102564
139816,0.0,0.0,0.0,0.0,0.09090909090909091
129968,0.0,0.0,0.0,0.0,0.037037037037037035
64192,0.0,0.0,0.0,0.0,0.0
73668,0.0,0.0,0.0,0.0,0.03225806451612903
117960,0.0,0.0,0.0,0.0,0.02702702702702703
20816,0.0,0.0,0.0,0.0,0.0
76658,0.2,0.07407407407407407,0.1736666713479918,1.0,0.3333333333333333
62921,0.1,0.037037037037037035,0.09478836436955078,1.0,0.25
72891,0.0,0.0,0.0,0.0,0.0
90080,0.0,0.0,0.0,0.0,0.0
85754,0.0,0.0,0.0,0.0,0.0
144904,0.0,0.0,0.0,0.0,0.0
21640,0.4,0.5714285714285714,0.653400611352013,1.0,1.0
37117,0.0,0.0,0.0,0.0,0.0
40457,0.1,0.020833333333333332,0.11004588314904008,1.0,0.3333333333333333
62060,0.0,0.0,0.0,0.0,0.0
102717,0.1,0.16666666666666666,0.10086747116627115,1.0,0.14285714285714285
40986,0.1,0.014285714285714285,0.07336392209936005,1.0,0.14285714285714285
57411,0.1,0.1,0.08514311764162098,1.0,0.2
17252,0.1,0.027777777777777776,0.06625422345438903,1.0,0.1111111111111111
111266,0.0,0.0,0.0,0.0,0.0
109318,0.0,0.0,0.0,0.0,0.0
88749,0.0,0.0,0.0,0.0,0.0
145565,0.1,0.08333333333333333,0.11004588314904008,1.0,0.3333333333333333
124965,0.0,0.0,0.0,0.0,0.02127659574468085
111507,0.0,0.0,0.0,0.0,0.0
16727,0.0,0.0,0.0,0.0,0.0
55492,0.0,0.0,0.0,0.0,0.0
112685,0.0,0.0,0.0,0.0,0.0
104449,0.0,0.0,0.0,0.0,0.0
156689,0.0,0.0,0.0,0.0,0.0
5243,0.0,0.0,0.0,0.0,0.05555555555555555
154437,0.0,0.0,0.0,0.0,0.09090909090909091
102006,0.0,0.0,0.0,0.0,0.02631578947368421
127924,0.0,0.0,0.0,0.0,0.08333333333333333
1574,0.0,0.0,0.0,0.0,0.0
94337,0.0,0.0,0.0,0.0,0.0
80110,0.0,0.0,0.0,0.0,0.0
104584,0.3,0.15789473684210525,0.23992089480238082,1.0,0.3333333333333333
112380,0.0,0.0,0.0,0.0,0.05
144384,0.0,0.0,0.0,0.0,0.08333333333333333
146511,0.0,0.0,0.0,0.0,0.0
161810,0.0,0.0,0.0,0.0,0.058823529411764705
59171,0.0,0.0,0.0,0.0,0.045454545454545456
130940,0.0,0.0,0.0,0.0,0.0
58874,0.0,0.0,0.0,0.0,0.0
73219,0.0,0.0,0.0,0.0,0.0
116885,0.0,0.0,0.0,0.0,0.08333333333333333
130249,0.0,0.0,0.0,0.0,0.038461538461538464
7797,0.1,0.3333333333333333,0.20210734650054757,1.0,0.25
104282,0.0,0.0,0.0,0.0,0.03333333333333333
90154,0.0,0.0,0.0,0.0,0.05555555555555555
108437,0.0,0.0,0.0,0.0,0.0
44279,0.1,0.14285714285714285,0.17342765698823945,1.0,0.5
125357,0.0,0.0,0.0,0.0,0.08333333333333333
34237,0.0,0.0,0.0,0.0,0.08333333333333333
143277,0.0,0.0,0.0,0.0,0.09090909090909091
7244,0.0,0.0,0.0,0.0,0.09090909090909091
105672,0.0,0.0,0.0,0.0,0.034482758620689655
158773,0.1,0.14285714285714285,0.13743816645714543,1.0,0.3333333333333333
151405,0.0,0.0,0.0,0.0,0.0
7279,0.0,0.0,0.0,0.0,0.041666666666666664
22551,0.2,0.06896551724137931,0.19518900079066107,1.0,0.3333333333333333
114955,0.2,0.2,0.23365080824310533,1.0,0.5
36403,0.0,0.0,0.0,0.0,0.03333333333333333
123833,0.0,0.0,0.0,0.0,0.02
48773,0.0,0.0,0.0,0.0,0.0
13496,0.1,0.05555555555555555,0.09478836436955078,1.0,0.25
69789,0.0,0.0,0.0,0.0,0.0
101663,0.0,0.0,0.0,0.0,0.09090909090909091
87803,0.0,0.0,0.0,0.0,0.03571428571428571
56795,0.0,0.0,0.0,0.0,0.03225806451612903
121948,0.1,0.1,0.09478836436955078,1.0,0.25
87667,0.0,0.0,0.0,0.0,0.03225806451612903
90522,0.1,0.05,0.13886244387355454,1.0,0.5
101669,0.0,0.0,0.0,0.0,0.045454545454545456
74653,0.0,0.0,0.0,0.0,0.0625
113066,0.0,0.0,0.0,0.0,0.0
67679,0.0,0.0,0.0,0.0,0.021739130434782608
22001,0.0,0.0,0.0,0.0,0.05555555555555555
126138,0.0,0.0,0.0,0.0,0.041666666666666664
5203,0.0,0.0,0.0,0.0,0.045454545454545456
144708,0.0,0.0,0.0,0.0,0.0
13984,0.0,0.0,0.0,0.0,0.0
93861,0.0,0.0,0.0,0.0,0.0
60164,0.1,0.25,0.3903800499921017,1.0,1.0
18429,0.0,0.0,0.0,0.0,0.0
10814,0.4,0.041237113402061855,0.40067051810063,1.0,0.5
8342,0.0,0.0,0.0,0.0,0.0
66339,0.0,0.0,0.0,0.0,0.02702702702702703
53489,0.0,0.0,0.0,0.0,0.06666666666666667
5470,0.1,0.0625,0.22009176629808017,1.0,1.0
40871,0.1,0.09090909090909091,0.06943122193677727,1.0,0.125
64006,0.0,0.0,0.0,0.0,0.0625
33858,0.0,0.0,0.0,0.0,0.043478260869565216
127013,0.0,0.0,0.0,0.0,0.0
30692,0.0,0.0,0.0,0.0,0.0
151288,0.0,0.0,0.0,0.0,0.027777777777777776
58488,0.1,0.034482758620689655,0.08514311764162098,1.0,0.2
124725,0.0,0.0,0.0,0.0,0.0
68741,0.0,0.0,0.0,0.0,0.022222222222222223
98934,0.0,0.0,0.0,0.0,0.038461538461538464
45016,0.1,0.05555555555555555,0.09478836436955078,1.0,0.25
162520,0.0,0.0,0.0,0.0,0.0
30730,0.0,0.0,0.0,0.0,0.047619047619047616
43935,0.0,0.0,0.0,0.0,0.0
83423,0.1,0.1111111111111111,0.07414861528507455,1.0,0.125
29013,0.2,0.05555555555555555,0.2489083270225946,1.0,0.5
155238,0.2,0.2857142857142857,0.22471947398559278,1.0,0.25
6895,0.1,0.14285714285714285,0.13743816645714543,1.0,0.3333333333333333
83671,0.0,0.0,0.0,0.0,0.0
154465,0.1,0.25,0.3903800499921017,1.0,1.0
100645,0.0,0.0,0.0,0.0,0.0
106381,0.1,0.16666666666666666,0.09546043308946733,1.0,0.125
53210,0.0,0.0,0.0,0.0,0.0
20414,0.0,0.0,0.0,0.0,0.041666666666666664
158826,0.0,0.0,0.0,0.0,0.0
65156,0.0,0.0,0.0,0.0,0.0
27354,0.0,0.0,0.0,0.0,0.021739130434782608
80899,0.1,0.045454545454545456,0.07336392209936005,1.0,0.14285714285714285
161050,0.0,0.0,0.0,0.0,0.0
32482,0.0,0.0,0.0,0.0,0.07142857142857142
151822,0.1,0.05555555555555555,0.11004588314904008,1.0,0.3333333333333333
11028,0.0,0.0,0.0,0.0,0.0
93126,0.0,0.0,0.0,0.0,0.0
142902,0.0,0.0,0.0,0.0,0.09090909090909091
114891,0.0,0.0,0.0,0.0,0.0
99383,0.0,0.0,0.0,0.0,0.0
18521,0.0,0.0,0.0,0.0,0.0
135708,0.0,0.0,0.0,0.0,0.03125
91523,0.0,0.0,0.0,0.0,0.05263157894736842
3402,0.0,0.0,0.0,0.0,0.043478260869565216
112661,0.0,0.0,0.0,0.0,0.0
131471,0.0,0.0,0.0,0.0,0.0
28332,0.0,0.0,0.0,0.0,0.0
116265,0.0,0.0,0.0,0.0,0.037037037037037035
97134,0.0,0.0,0.0,0.0,0.08333333333333333
123303,0.0,0.0,0.0,0.0,0.0
41036,0.0,0.0,0.0,0.0,0.025
116793,0.0,0.0,0.0,0.0,0.0
47273,0.1,0.030303030303030304,0.07336392209936005,1.0,0.14285714285714285
139934,0.0,0.0,0.0,0.0,0.0
72448,0.0,0.0,0.0,0.0,0.023809523809523808
144371,0.2,0.11764705882352941,0.13961814555374907,1.0,0.14285714285714285
129674,0.0,0.0,0.0,0.0,0.027777777777777776
124683,0.0,0.0,0.0,0.0,0.027777777777777776
116816,0.0,0.0,0.0,0.0,0.0
158927,0.0,0.0,0.0,0.0,0.09090909090909091
71995,0.0,0.0,0.0,0.0,0.0
86453,0.2,0.15384615384615385,0.23365080824310533,1.0,0.5
65863,0.0,0.0,0.0,0.0,0.09090909090909091
23281,0.0,0.0,0.0,0.0,0.0
74835,0.0,0.0,0.0,0.0,0.06666666666666667
120895,0.0,0.0,0.0,0.0,0.0
65429,0.0,0.0,0.0,0.0,0.08333333333333333
124639,0.1,0.038461538461538464,0.11004588314904008,1.0,0.3333333333333333
152874,0.1,0.03225806451612903,0.11004588314904008,1.0,0.3333333333333333
101633,0.0,0.0,0.0,0.0,0.0
90226,0.0,0.0,0.0,0.0,0.027777777777777776
7710,0.0,0.0,0.0,0.0,0.038461538461538464
132576,0.1,0.5,0.6131471927654584,1.0,1.0
87180,0.0,0.0,0.0,0.0,0.02040816326530612
48803,0.0,0.0,0.0,0.0,0.0
130760,0.0,0.0,0.0,0.0,0.0
56917,0.1,0.058823529411764705,0.09478836436955078,1.0,0.25
95157,0.0,0.0,0.0,0.0,0.02857142857142857
69306,0.0,0.0,0.0,0.0,0.08333333333333333
91285,0.0,0.0,0.0,0.0,0.0
75028,0.0,0.0,0.0,0.0,0.0
159906,0.0,0.0,0.0,0.0,0.0
74122,0.0,0.0,0.0,0.0,0.0
149091,0.0,0.0,0.0,0.0,0.0
2726,0.0,0.0,0.0,0.0,0.030303030303030304
138562,0.0,0.0,0.0,0.0,0.08333333333333333
51276,0.0,0.0,0.0,0.0,0.0
22999,0.1,0.1111111111111111,0.08372491399919346,1.0,0.16666666666666666
64755,0.0,0.0,0.0,0.0,0.0
109005,0.0,0.0,0.0,0.0,0.0
131034,0.1,0.03333333333333333,0.06362078819895171,1.0,0.1
148929,0.0,0.0,0.0,0.0,0.07692307692307693
64483,0.0,0.0,0.0,0.0,0.045454545454545456
127686,0.0,0.0,0.0,0.0,0.02564102564102564
131638,0.0,0.0,0.0,0.0,0.0
120185,0.2,0.05555555555555555,0.15850703974098102,1.0,0.2
4628,0.0,0.0,0.0,0.0,0.023255813953488372
24987,0.0,0.0,0.0,0.0,0.07692307692307693
78940,0.1,0.1,0.09478836436955078,1.0,0.25
59458,0.0,0.0,0.0,0.0,0.0
108459,0.1,0.1111111111111111,0.07075576072108061,1.0,0.1111111111111111
65277,0.0,0.0,0.0,0.0,0.0
82132,0.1,0.16666666666666666,0.09109240322345806,1.0,0.1111111111111111
156008,0.1,0.09090909090909091,0.07336392209936005,1.0,0.14285714285714285
98967,0.1,0.125,0.10893649261775588,1.0,0.25
126932,0.0,0.0,0.0,0.0,0.0
148477,0.3,0.75,0.4373103991125936,1.0,0.25
142408,0.0,0.0,0.0,0.0,0.0
92196,0.0,0.0,0.0,0.0,0.0
114121,0.0,0.0,0.0,0.0,0.034482758620689655
147652,0.0,0.0,0.0,0.0,0.0
88725,0.0,0.0,0.0,0.0,0.023809523809523808
94351,0.0,0.0,0.0,0.0,0.0
121691,0.0,0.0,0.0,0.0,0.0
72671,0.4,0.08888888888888889,0.5103515512676448,1.0,1.0
82242,0.2,0.024096385542168676,0.1884441521277154,1.0,0.3333333333333333
67445,0.0,0.0,0.0,0.0,0.09090909090909091
61866,0.0,0.0,0.0,0.0,0.0
32376,0.0,0.0,0.0,0.0,0.0
51678,0.0,0.0,0.0,0.0,0.021739130434782608
84640,0.0,0.0,0.0,0.0,0.0
32077,0.0,0.0,0.0,0.0,0.0
143748,0.2,0.08333333333333333,0.13698471029831175,1.0,0.14285714285714285
49688,0.1,0.25,0.13905617951077562,1.0,0.16666666666666666
51405,0.1,0.25,0.16812753627111746,1.0,0.25
58066,0.1,0.25,0.11751610475642714,1.0,0.1111111111111111
129861,0.1,0.029411764705882353,0.06362078819895171,1.0,0.1
74185,0.0,0.0,0.0,0.0,0.0
158158,0.0,0.0,0.0,0.0,0.0
140708,0.0,0.0,0.0,0.0,0.04
160078,0.0,0.0,0.0,0.0,0.0
75921,0.0,0.0,0.0,0.0,0.02857142857142857
26988,0.3,0.02586206896551724,0.28088150105118154,1.0,0.5
52084,0.0,0.0,0.0,0.0,0.0
79477,0.0,0.0,0.0,0.0,0.029411764705882353
61038,0.0,0.0,0.0,0.0,0.045454545454545456
96779,0.1,0.08333333333333333,0.06943122193677727,1.0,0.125
48164,0.0,0.0,0.0,0.0,0.045454545454545456
81084,0.0,0.0,0.0,0.0,0.03225806451612903
3800,0.0,0.0,0.0,0.0,0.0
143281,0.0,0.0,0.0,0.0,0.09090909090909091
33955,0.1,0.3333333333333333,0.46927872602275644,1.0,1.0
73589,0.0,0.0,0.0,0.0,0.0
12214,0.1,0.16666666666666666,0.09546043308946733,1.0,0.125
14640,0.0,0.0,0.0,0.0,0.041666666666666664
148445,0.4,0.034782608695652174,0.3093521167391581,1.0,0.3333333333333333
78381,0.0,0.0,0.0,0.0,0.034482758620689655
33874,0.0,0.0,0.0,0.0,0.0
131653,0.0,0.0,0.0,0.0,0.03225806451612903
27541,0.0,0.0,0.0,0.0,0.027777777777777776
3295,0.0,0.0,0.0,0.0,0.0
154002,0.0,0.0,0.0,0.0,0.0
76285,0.0,0.0,0.0,0.0,0.0
125896,0.1,0.25,0.16812753627111746,1.0,0.25
128384,0.0,0.0,0.0,0.0,0.0
118120,0.0,0.0,0.0,0.0,0.0
91382,0.0,0.0,0.0,0.0,0.030303030303030304
49479,0.0,0.0,0.0,0.0,0.0
13794,0.0,0.0,0.0,0.0,0.027777777777777776
67733,0.0,0.0,0.0,0.0,0.0
128122,0.0,0.0,0.0,0.0,0.0
30612,0.0,0.0,0.0,0.0,0.03333333333333333
17551,0.0,0.0,0.0,0.0,0.0
107469,0.2,0.16666666666666666,0.14279514403613733,1.0,0.14285714285714285
131885,0.0,0.0,0.0,0.0,0.04
19896,0.1,0.058823529411764705,0.06625422345438903,1.0,0.1111111111111111
154794,0.0,0.0,0.0,0.0,0.0
14395,0.1,0.043478260869565216,0.07839826897867533,1.0,0.16666666666666666
40699,0.0,0.0,0.0,0.0,0.0
40018,0.0,0.0,0.0,0.0,0.037037037037037035
150985,0.1,0.02040816326530612,0.07336392209936005,1.0,0.14285714285714285
81499,0.1,0.3333333333333333,0.2960819109658652,1.0,0.5
22884,0.0,0.0,0.0,0.0,0.020833333333333332
66581,0.1,0.012345679012345678,0.11004588314904008,1.0,0.3333333333333333
31781,0.0,0.0,0.0,0.0,0.022222222222222223
149701,0.0,0.0,0.0,0.0,0.020833333333333332
111613,0.0,0.0,0.0,0.0,0.0
159899,0.0,0.0,0.0,0.0,0.09090909090909091
60558,0.1,0.06666666666666667,0.07336392209936005,1.0,0.14285714285714285
140153,0.0,0.0,0.0,0.0,0.0
102005,0.0,0.0,0.0,0.0,0.025
120818,0.0,0.0,0.0,0.0,0.0
118726,0.0,0.0,0.0,0.0,0.038461538461538464
79771,0.1,0.02631578947368421,0.08514311764162098,1.0,0.2
157871,0.0,0.0,0.0,0.0,0.023809523809523808
115012,0.0,0.0,0.0,0.0,0.03333333333333333
81911,0.0,0.0,0.0,0.0,0.03125
152543,0.0,0.0,0.0,0.0,0.0
16176,0.0,0.0,0.0,0.0,0.0
26642,0.0,0.0,0.0,0.0,0.0
55751,0.1,0.1,0.13886244387355454,1.0,0.5
56622,0.0,0.0,0.0,0.0,0.05
70994,0.0,0.0,0.0,0.0,0.0
21804,0.1,0.25,0.11751610475642714,1.0,0.1111111111111111
42126,0.1,0.1,0.06625422345438903,1.0,0.1111111111111111
64359,0.0,0.0,0.0,0.0,0.0
46644,0.0,0.0,0.0,0.0,0.0
148078,0.1,0.06666666666666667,0.07839826897867533,1.0,0.16666666666666666
20162,0.2,0.1111111111111111,0.20248323207250624,1.0,0.5
41984,0.0,0.0,0.0,0.0,0.02040816326530612
713,0.1,0.0625,0.06943122193677727,1.0,0.125
109566,0.1,0.07692307692307693,0.08514311764162098,1.0,0.2
120815,0.0,0.0,0.0,0.0,0.0
159281,0.0,0.0,0.0,0.0,0.058823529411764705
126033,0.1,0.06666666666666667,0.09478836436955078,1.0,0.25
78145,0.2,0.15384615384615385,0.22400556151517553,1.0,0.5
8773,0.2,0.0392156862745098,0.2863459897524692,1.0,1.0
62118,0.0,0.0,0.0,0.0,0.038461538461538464
77299,0.0,0.0,0.0,0.0,0.0
75846,0.0,0.0,0.0,0.0,0.08333333333333333
121767,0.1,0.25,0.13905617951077562,1.0,0.16666666666666666
19114,0.0,0.0,0.0,0.0,0.047619047619047616
62637,0.0,0.0,0.0,0.0,0.07142857142857142
70970,0.0,0.0,0.0,0.0,0.06666666666666667
158211,0.0,0.0,0.0,0.0,0.0
53073,0.0,0.0,0.0,0.0,0.05555555555555555
114024,0.2,0.11764705882352941,0.1884441521277154,1.0,0.3333333333333333
30796,0.1,0.0196078431372549,0.09478836436955078,1.0,0.25
146088,0.1,0.009345794392523364,0.06943122193677727,1.0,0.125
60325,0.0,0.0,0.0,0.0,0.05555555555555555
39963,0.1,0.02127659574468085,0.22009176629808017,1.0,1.0
71254,0.0,0.0,0.0,0.0,0.045454545454545456
38156,0.1,0.03225806451612903,0.07336392209936005,1.0,0.14285714285714285
19178,0.0,0.0,0.0,0.0,0.0
16018,0.0,0.0,0.0,0.0,0.043478260869565216
44515,0.0,0.0,0.0,0.0,0.03125
82508,0.0,0.0,0.0,0.0,0.0
159611,0.0,0.0,0.0,0.0,0.0625
152702,0.0,0.0,0.0,0.0,0.022222222222222223
77440,0.0,0.0,0.0,0.0,0.037037037037037035
117769,0.1,0.018518518518518517,0.06362078819895171,1.0,0.1
33362,0.1,0.2,0.1208113026994942,1.0,0.16666666666666666
125710,0.2,0.16666666666666666,0.17630010660342912,1.0,0.3333333333333333
81567,0.0,0.0,0.0,0.0,0.04
107948,0.1,0.025,0.06362078819895171,1.0,0.1
73032,0.0,0.0,0.0,0.0,0.0
134234,0.0,0.0,0.0,0.0,0.0
144856,0.1,0.05263157894736842,0.13886244387355454,1.0,0.5
132435,0.0,0.0,0.0,0.0,0.0
117396,0.0,0.0,0.0,0.0,0.0
21604,0.0,0.0,0.0,0.0,0.08333333333333333
160408,0.1,0.05263157894736842,0.07839826897867533,1.0,0.16666666666666666
10705,0.0,0.0,0.0,0.0,0.0
115869,0.0,0.0,0.0,0.0,0.07142857142857142
86457,0.1,0.017857142857142856,0.09478836436955078,1.0,0.25
161930,0.0,0.0,0.0,0.0,0.07142857142857142
67170,0.0,0.0,0.0,0.0,0.0
6944,0.1,0.25,0.16812753627111746,1.0,0.25
24529,0.1,0.2,0.14606834984270645,1.0,0.25
61432,0.1,0.016666666666666666,0.22009176629808017,1.0,1.0
154303,0.1,0.14285714285714285,0.09162544430476362,1.0,0.14285714285714285
157499,0.0,0.0,0.0,0.0,0.038461538461538464
5567,0.0,0.0,0.0,0.0,0.0
72294,0.0,0.0,0.0,0.0,0.08333333333333333
154587,0.0,0.0,0.0,0.0,0.07142857142857142
10807,0.0,0.0,0.0,0.0,0.0
47017,0.0,0.0,0.0,0.0,0.0
126189,0.0,0.0,0.0,0.0,0.0
139192,0.1,0.05263157894736842,0.08514311764162098,1.0,0.2
118592,0.0,0.0,0.0,0.0,0.0625
74627,0.0,0.0,0.0,0.0,0.0625
48710,0.0,0.0,0.0,0.0,0.023809523809523808
157023,0.0,0.0,0.0,0.0,0.0
116898,0.0,0.0,0.0,0.0,0.0
131879,0.0,0.0,0.0,0.0,0.0
24507,0.0,0.0,0.0,0.0,0.0
126060,0.0,0.0,0.0,0.0,0.027777777777777776
93328,0.1,0.5,0.38685280723454163,1.0,0.5
109522,0.0,0.0,0.0,0.0,0.0
89404,0.0,0.0,0.0,0.0,0.0
86120,0.0,0.0,0.0,0.0,0.02857142857142857
28079,0.0,0.0,0.0,0.0,0.037037037037037035
43144,0.0,0.0,0.0,0.0,0.030303030303030304
88463,0.0,0.0,0.0,0.0,0.03333333333333333
110398,0.0,0.0,0.0,0.0,0.0
132891,0.0,0.0,0.0,0.0,0.0
77332,0.0,0.0,0.0,0.0,0.0625
107402,0.0,0.0,0.0,0.0,0.0
147575,0.0,0.0,0.0,0.0,0.05555555555555555
9857,0.0,0.0,0.0,0.0,0.022727272727272728
121985,0.0,0.0,0.0,0.0,0.0
23655,0.2,0.3333333333333333,0.2987100207034456,1.0,0.5
84364,0.0,0.0,0.0,0.0,0.0
67712,0.0,0.0,0.0,0.0,0.025
86713,0.0,0.0,0.0,0.0,0.0
31108,0.0,0.0,0.0,0.0,0.038461538461538464
108398,0.0,0.0,0.0,0.0,0.034482758620689655
138019,0.1,0.14285714285714285,0.11838279295536291,1.0,0.25
309,0.1,0.09090909090909091,0.11004588314904008,1.0,0.3333333333333333
145560,0.0,0.0,0.0,0.0,0.0
123907,0.1,0.2,0.10209739512291163,1.0,0.1111111111111111
110831,0.0,0.0,0.0,0.0,0.0
14555,0.0,0.0,0.0,0.0,0.02564102564102564
50343,0.0,0.0,0.0,0.0,0.0
139050,0.0,0.0,0.0,0.0,0.0
97023,0.1,0.25,0.11751610475642714,1.0,0.1111111111111111
133700,0.0,0.0,0.0,0.0,0.07692307692307693
118543,0.0,0.0,0.0,0.0,0.041666666666666664
13855,0.3,0.1875,0.23680742154717782,1.0,0.25
54609,0.0,0.0,0.0,0.0,0.058823529411764705
71638,0.0,0.0,0.0,0.0,0.045454545454545456
147336,0.0,0.0,0.0,0.0,0.0
35142,0.0,0.0,0.0,0.0,0.0
77280,0.0,0.0,0.0,0.0,0.0
117493,0.1,0.0625,0.06362078819895171,1.0,0.1
129999,0.0,0.0,0.0,0.0,0.0
32582,0.0,0.0,0.0,0.0,0.029411764705882353
7756,0.0,0.0,0.0,0.0,0.0
64206,0.0,0.0,0.0,0.0,0.0
42479,0.0,0.0,0.0,0.0,0.058823529411764705
83347,0.0,0.0,0.0,0.0,0.0
147770,0.0,0.0,0.0,0.0,0.037037037037037035
3673,0.0,0.0,0.0,0.0,0.041666666666666664
148146,0.1,0.007518796992481203,0.09478836436955078,1.0,0.25
109426,0.0,0.0,0.0,0.0,0.0
25029,0.0,0.0,0.0,0.0,0.0
30442,0.0,0.0,0.0,0.0,0.0
123765,0.2,0.08695652173913043,0.1635413866202963,1.0,0.2
31518,0.0,0.0,0.0,0.0,0.0
41296,0.0,0.0,0.0,0.0,0.03125
133668,0.0,0.0,0.0,0.0,0.0
78307,0.0,0.0,0.0,0.0,0.0
136479,0.0,0.0,0.0,0.0,0.02857142857142857
73352,0.0,0.0,0.0,0.0,0.0
111433,0.0,0.0,0.0,0.0,0.0
129403,0.0,0.0,0.0,0.0,0.05555555555555555
126650,0.0,0.0,0.0,0.0,0.0
65391,0.0,0.0,0.0,0.0,0.0
122506,0.0,0.0,0.0,0.0,0.07142857142857142
147883,0.0,0.0,0.0,0.0,0.0
38802,0.0,0.0,0.0,0.0,0.0
102863,0.0,0.0,0.0,0.0,0.0
51157,0.0,0.0,0.0,0.0,0.0
160772,0.1,0.03571428571428571,0.06625422345438903,1.0,0.1111111111111111
136311,0.0,0.0,0.0,0.0,0.0
36621,0.1,0.025,0.06362078819895171,1.0,0.1
18747,0.0,0.0,0.0,0.0,0.058823529411764705
74116,0.0,0.0,0.0,0.0,0.029411764705882353
111286,0.0,0.0,0.0,0.0,0.02040816326530612
91161,0.0,0.0,0.0,0.0,0.025
136178,0.0,0.0,0.0,0.0,0.023809523809523808
71669,0.1,0.2,0.3391602052736161,1.0,1.0
684,0.1,0.2,0.11305340175787204,1.0,0.14285714285714285
75879,0.2,0.05555555555555555,0.14201905717762703,1.0,0.16666666666666666
80094,0.0,0.0,0.0,0.0,0.0
157450,0.0,0.0,0.0,0.0,0.0
155568,0.2,0.07407407407407407,0.1681522864689108,1.0,0.25
131321,0.0,0.0,0.0,0.0,0.0625
39857,0.0,0.0,0.0,0.0,0.0
119752,0.0,0.0,0.0,0.0,0.0
144483,0.0,0.0,0.0,0.0,0.0
129900,0.0,0.0,0.0,0.0,0.0
92563,0.0,0.0,0.0,0.0,0.0
89171,0.0,0.0,0.0,0.0,0.0
148058,0.1,0.03225806451612903,0.08514311764162098,1.0,0.2
145782,0.0,0.0,0.0,0.0,0.0
101158,0.0,0.0,0.0,0.0,0.023809523809523808
122121,0.0,0.0,0.0,0.0,0.047619047619047616
86311,0.0,0.0,0.0,0.0,0.038461538461538464
50634,0.0,0.0,0.0,0.0,0.0
64077,0.0,0.0,0.0,0.0,0.0
153392,0.0,0.0,0.0,0.0,0.02857142857142857
102700,0.0,0.0,0.0,0.0,0.06666666666666667
62673,0.0,0.0,0.0,0.0,0.05263157894736842
110166,0.0,0.0,0.0,0.0,0.0
11716,0.2,0.11764705882352941,0.2934556883974402,1.0,1.0
85346,0.0,0.0,0.0,0.0,0.0
102234,0.0,0.0,0.0,0.0,0.0
103543,0.0,0.0,0.0,0.0,0.02040816326530612
40798,0.0,0.0,0.0,0.0,0.0
132851,0.0,0.0,0.0,0.0,0.0
